user_being_followed_id,user_following_id
96,237
267,179
269,275
212,115
154,46
79,68
195,237
154,265
73,105
83,233
240,38
93,197
267,22
226,193
149,271
238,211
216,271
102,28
295,137
198,108
153,208
281,290
128,156
38,247
196,203
35,90
133,119
174,236
173,179
205,152
25,218
61,129
222,129
25,131
199,37
107,120
249,269
195,221
191,244
43,249
282,151
297,21
28,2
230,97
210,40
174,194
268,247
228,41
108,72
87,4
161,165
156,71
272,104
296,164
112,80
5,1
291,157
105,81
150,60
52,130
111,257
168,216
220,22
85,187
241,105
247,118
21,245
163,204
210,275
251,226
272,120
75,85
279,30
162,283
128,263
189,173
218,174
95,172
6,115
89,42
168,4
215,300
177,299
37,155
102,9
135,50
196,195
182,140
295,109
106,266
156,259
151,217
67,45
63,99
1,134
175,166
270,213
9,275
143,257
8,115
275,235
293,99
85,150
97,114
84,153
249,138
84,231
118,251
34,258
207,165
73,230
4,129
43,11
83,85
201,63
135,256
66,156
58,217
33,113
138,63
121,203
204,68
95,119
41,288
142,32
20,143
218,4
65,105
286,285
212,55
50,289
154,269
253,32
50,267
8,220
210,112
88,156
27,132
175,133
126,201
39,84
219,190
292,178
218,272
65,233
299,190
39,188
272,38
45,278
43,292
60,180
279,253
23,231
238,128
85,107
58,249
12,115
105,182
288,284
32,133
222,97
281,134
154,196
79,122
92,217
111,148
151,228
237,95
178,55
206,214
35,124
221,220
245,185
56,269
208,126
291,75
151,185
71,225
255,38
11,245
22,104
255,40
269,296
245,173
180,67
294,36
281,199
227,208
95,205
237,210
270,212
178,24
208,197
133,59
266,185
201,131
228,85
159,178
272,117
292,85
154,41
176,82
18,172
90,100
148,289
269,159
289,110
173,180
193,174
232,184
95,11
261,220
49,22
71,137
56,79
152,22
127,270
70,101
174,246
182,213
159,59
243,277
15,84
119,194
104,195
207,66
94,159
148,166
229,262
253,109
164,11
219,28
239,75
262,263
87,177
65,72
78,214
232,64
166,9
65,138
226,283
171,98
104,127
8,129
295,290
273,144
258,250
150,247
84,37
15,241
279,194
218,17
42,224
213,240
111,151
256,169
140,28
33,243
95,117
101,195
256,37
157,189
198,145
206,49
54,4
148,94
79,132
102,196
217,191
126,283
28,71
199,223
133,233
247,291
212,287
84,211
276,157
278,2
48,83
118,10
141,169
121,300
110,56
271,200
65,299
270,75
241,70
155,151
210,94
212,247
154,101
280,12
273,36
102,152
250,46
181,142
151,195
276,94
31,276
110,163
10,45
224,299
231,38
279,86
13,121
203,119
258,228
281,88
106,52
207,31
157,234
36,172
224,188
273,291
277,246
193,272
132,271
177,7
103,166
215,26
39,236
190,57
52,216
63,24
25,115
95,241
251,289
19,52
210,147
280,243
135,56
192,219
90,245
29,256
278,116
182,224
215,1
97,84
58,254
16,190
67,281
9,203
79,62
206,175
288,3
120,244
260,56
77,10
171,92
94,187
6,207
8,51
13,169
112,35
176,58
30,158
136,48
248,51
5,195
224,119
1,61
298,69
96,120
69,30
85,246
136,109
170,168
151,131
105,78
50,279
56,51
141,86
165,30
21,2
132,72
180,42
87,241
185,283
129,154
230,71
134,118
214,88
300,2
274,238
216,244
188,183
19,296
281,85
254,268
126,200
12,240
57,283
42,251
285,72
94,198
20,271
79,163
294,280
104,36
207,257
106,107
91,219
81,152
65,211
115,28
272,6
95,66
221,27
50,202
27,151
130,150
94,70
58,251
137,252
157,131
35,158
211,91
129,139
237,62
52,203
3,71
144,8
282,191
161,33
183,254
234,238
103,61
268,78
101,71
255,17
292,272
177,36
37,297
171,299
65,118
37,191
185,113
185,93
163,267
240,35
297,124
257,74
42,255
135,53
247,89
253,244
60,230
101,186
245,214
80,230
68,13
171,196
129,234
264,113
236,164
124,262
157,111
109,15
71,130
119,277
273,197
196,189
295,53
28,84
249,191
266,169
280,148
283,190
147,280
86,256
204,228
199,229
7,74
246,217
134,58
198,83
290,205
244,223
169,99
103,39
12,66
300,270
173,170
24,25
189,257
103,203
209,85
284,72
33,47
89,21
189,225
132,159
117,292
6,53
236,41
258,188
293,253
142,42
299,298
105,47
7,121
278,177
27,91
181,34
174,274
74,139
152,236
239,140
246,62
283,188
36,178
235,155
180,247
49,149
62,278
113,297
165,265
132,274
91,247
116,188
86,162
101,15
171,165
46,41
175,217
194,207
250,96
204,187
47,117
29,102
50,201
196,288
178,246
24,79
55,264
186,116
266,36
266,5
26,125
87,21
255,1
27,83
100,264
66,296
34,197
53,294
204,91
285,174
118,261
89,245
123,259
181,244
231,179
61,39
150,290
9,75
226,297
47,237
44,87
72,289
7,150
10,240
163,159
42,263
22,240
47,118
241,132
82,107
63,21
9,56
113,106
201,142
238,76
244,6
234,127
275,3
23,169
100,254
209,160
8,163
14,196
70,289
75,266
108,224
185,153
243,129
64,134
101,85
53,153
249,168
149,124
185,268
293,1
285,178
238,12
71,14
51,70
27,161
290,88
188,212
87,25
227,279
50,110
236,103
174,227
58,117
115,206
259,19
94,242
121,228
94,46
251,176
194,253
136,21
89,271
9,293
188,30
282,25
247,58
274,74
123,278
2,46
157,104
48,101
4,296
83,105
226,267
131,106
138,191
171,35
58,52
65,145
143,87
233,291
272,181
32,135
161,138
269,155
135,288
145,111
122,294
123,80
64,147
283,286
300,103
30,154
193,110
113,177
231,9
207,122
110,82
258,5
286,232
57,121
192,178
40,62
108,49
198,175
152,88
187,195
79,252
133,130
215,147
230,39
71,2
185,7
139,90
38,230
102,94
164,264
111,25
243,160
230,2
295,100
133,211
268,156
179,23
193,126
11,209
78,109
111,221
255,211
7,192
202,61
90,97
12,291
16,293
123,149
4,221
16,183
69,184
227,148
71,104
234,264
271,112
125,168
199,264
43,202
32,165
250,152
15,148
186,30
294,253
91,119
229,45
22,219
16,79
182,249
119,22
14,193
220,173
217,274
244,255
60,54
286,175
286,272
231,132
201,50
156,118
115,143
271,213
43,175
12,170
126,100
3,260
94,11
225,74
46,219
36,206
270,68
62,152
271,204
83,173
133,261
159,252
211,279
68,100
65,210
293,172
298,253
44,89
177,183
227,229
235,173
107,132
76,229
8,198
155,297
11,83
220,93
239,230
15,217
43,207
267,250
170,257
205,164
149,229
13,193
62,57
283,165
25,125
121,90
121,146
168,271
8,134
189,84
74,199
184,44
201,39
162,273
126,293
216,75
90,42
221,84
13,271
151,264
96,217
20,176
201,60
172,19
196,251
266,39
5,122
194,186
168,116
273,244
80,55
1,157
209,189
242,100
225,274
126,147
50,248
194,209
99,20
22,36
217,38
287,121
241,145
239,51
144,298
171,25
258,245
140,95
205,273
103,55
246,140
17,90
95,175
298,276
276,1
20,71
115,23
33,149
292,249
94,72
71,61
54,95
212,137
155,287
276,278
6,228
20,140
67,87
22,85
247,262
1,150
268,15
55,175
200,149
211,104
154,258
116,151
81,26
54,52
56,116
86,108
55,69
7,138
134,125
235,63
214,127
249,278
192,245
124,235
119,45
4,112
294,221
87,188
151,165
211,157
128,92
94,209
83,50
89,282
73,3
165,158
115,148
34,214
186,53
178,64
162,259
1,135
85,35
10,198
218,125
225,126
84,286
62,127
51,23
238,246
45,189
242,210
66,63
70,145
184,233
54,76
57,126
65,158
278,30
240,3
29,279
185,244
220,111
281,34
259,179
21,152
164,233
3,221
147,213
99,155
98,227
5,285
82,215
105,248
205,207
299,61
231,208
130,285
40,261
117,16
148,205
64,94
231,238
289,212
27,239
101,206
173,250
295,113
115,253
106,177
107,52
221,91
50,85
161,60
214,114
243,272
181,68
219,33
29,259
146,66
127,41
236,279
188,135
191,65
114,262
102,144
268,62
86,100
171,271
132,285
46,227
244,209
265,251
255,180
153,163
247,193
94,193
208,141
196,178
224,246
203,8
68,103
63,121
171,74
268,300
237,287
107,64
228,40
106,115
116,106
113,80
215,262
261,93
96,13
287,168
278,88
151,196
215,266
195,225
214,48
289,70
82,172
277,284
18,10
65,283
265,198
86,293
126,248
140,254
110,225
120,111
101,50
200,47
264,1
261,198
38,57
207,201
138,198
36,50
143,92
123,215
166,165
91,157
105,172
18,69
132,263
162,224
275,56
48,73
137,163
139,132
203,111
162,42
10,36
300,231
81,90
122,72
118,241
157,27
16,15
112,120
294,188
124,247
82,297
265,8
94,126
265,120
174,25
290,218
131,200
211,31
299,120
200,265
28,300
56,157
63,107
279,174
295,265
151,57
158,89
226,31
276,183
150,199
287,22
210,9
11,55
157,191
24,215
281,46
137,88
254,126
223,288
191,292
180,89
51,78
59,218
142,228
56,155
293,221
70,57
42,50
31,178
109,158
193,208
60,135
1,141
172,239
156,266
101,295
219,235
145,61
14,279
274,197
245,272
289,94
125,172
192,229
33,117
152,293
213,294
30,206
118,61
151,17
98,291
72,39
34,288
82,22
177,25
212,260
226,89
45,57
94,216
111,285
289,5
31,88
175,108
299,138
63,80
104,161
35,190
167,102
295,84
208,205
49,151
170,163
227,107
99,199
150,68
32,51
179,230
268,24
234,195
188,291
222,123
180,62
59,72
191,203
145,10
50,81
11,56
171,101
87,98
290,146
104,283
226,199
134,117
69,284
295,1
254,274
192,81
126,230
222,160
235,300
52,259
194,275
271,48
119,294
167,189
193,186
123,117
51,20
131,237
292,37
85,121
296,207
91,261
282,141
225,169
85,263
83,262
153,283
79,249
103,15
37,165
248,199
46,297
104,145
259,80
107,142
239,76
156,211
72,26
177,217
198,31
116,223
49,280
102,174
105,26
170,229
100,276
35,211
260,129
154,245
94,225
95,150
10,282
249,117
54,109
295,26
142,268
194,189
127,139
198,288
220,246
27,24
196,185
17,69
192,79
299,144
238,258
18,157
273,24
54,217
267,23
251,204
66,137
128,16
253,281
157,185
193,22
185,110
277,267
243,11
241,59
12,65
22,179
248,24
212,47
246,182
229,240
219,226
24,239
110,181
50,146
118,210
116,193
139,48
96,153
54,172
235,127
202,94
245,187
293,196
28,164
86,184
4,178
157,36
217,240
223,230
170,58
179,212
259,101
201,40
218,153
74,112
153,160
133,178
189,196
146,263
201,92
251,145
6,290
116,298
44,115
211,268
284,17
138,240
91,12
188,130
135,228
95,248
19,176
88,165
154,30
52,24
243,221
31,123
186,215
79,156
198,29
175,150
237,183
118,248
231,155
35,130
140,262
187,117
213,37
268,105
99,222
44,204
134,130
159,70
3,199
63,98
249,136
118,15
233,39
97,228
40,191
123,190
216,115
241,250
151,95
257,262
289,136
143,155
228,260
70,87
107,125
140,44
9,54
51,262
96,34
273,160
166,120
287,13
145,249
41,254
36,6
15,144
21,172
68,144
223,95
192,69
90,174
269,189
25,67
104,212
261,288
24,205
222,274
134,226
209,17
48,22
34,91
72,178
194,56
152,169
38,108
292,112
161,256
24,78
108,22
53,161
140,114
213,32
153,149
247,245
297,109
145,149
139,161
84,215
215,291
168,157
32,3
195,49
16,148
253,64
100,161
63,148
277,223
257,110
165,68
94,58
247,192
293,165
173,138
218,173
259,33
99,214
136,254
59,274
188,293
34,173
197,234
201,139
186,56
1,111
196,286
110,175
85,89
165,155
183,16
212,71
6,172
285,191
217,87
290,111
12,142
159,14
235,73
36,214
226,143
228,150
76,103
235,219
250,277
66,297
127,297
139,41
105,255
207,48
257,41
148,38
189,201
288,241
66,122
174,114
219,265
216,234
64,36
131,88
153,33
152,224
167,279
41,164
55,112
83,280
128,155
34,125
146,121
118,24
155,60
221,95
276,203
30,227
219,134
18,164
76,156
242,45
281,183
58,65
63,130
246,287
244,62
251,189
288,32
284,197
52,107
66,211
7,190
52,32
256,220
96,142
78,35
34,243
254,116
93,83
110,91
100,156
293,229
178,80
112,159
146,216
225,258
263,92
83,135
254,70
221,37
55,219
13,212
192,257
218,230
229,233
230,258
248,49
110,165
196,187
203,72
258,211
295,169
169,288
133,203
48,201
171,58
196,38
191,258
272,188
5,75
250,287
252,254
223,77
141,140
72,149
102,206
126,60
163,292
136,69
229,64
250,189
73,112
56,293
247,14
70,75
136,198
299,157
229,137
227,185
195,236
26,89
158,165
296,201
270,163
279,137
95,254
48,91
207,135
221,136
101,276
170,116
118,125
36,147
262,201
191,173
222,265
187,287
226,10
212,152
255,248
254,52
188,199
240,230
217,125
187,7
72,299
67,30
235,43
277,8
36,224
59,288
255,161
56,224
233,192
2,247
129,172
189,124
14,35
243,64
128,162
173,26
197,201
144,207
56,71
87,283
260,277
50,241
284,68
104,150
22,10
230,115
132,136
260,202
9,11
159,190
257,174
283,207
259,265
89,160
140,218
151,73
131,93
227,33
14,168
274,179
33,186
224,177
87,117
157,75
129,78
199,134
89,77
10,160
12,68
228,61
256,160
52,46
18,284
261,42
234,251
190,205
249,129
241,251
47,68
278,279
119,109
283,288
191,283
176,247
108,79
152,115
49,214
138,38
214,137
77,97
148,228
297,91
217,84
132,7
200,259
17,267
187,147
223,52
35,109
275,170
235,272
292,154
101,234
182,92
186,141
13,278
245,79
253,270
262,250
185,8
248,300
79,169
253,147
78,189
9,174
157,34
286,265
171,59
110,271
69,226
292,294
36,17
29,228
133,93
225,133
216,69
125,242
293,286
107,262
271,168
129,45
186,113
190,171
34,279
70,262
278,60
11,36
287,76
44,31
214,250
164,214
25,248
75,149
212,216
227,225
183,20
160,35
121,60
207,280
215,139
294,235
149,117
287,294
170,238
44,218
21,215
198,205
151,39
62,156
134,298
82,295
8,178
277,118
30,147
42,277
105,102
33,200
299,82
77,210
244,189
9,233
184,21
237,42
123,78
208,25
271,94
42,27
44,189
66,199
26,39
137,70
242,225
234,220
241,56
161,235
48,168
151,77
252,85
293,19
300,241
3,251
288,84
264,36
143,130
60,39
290,232
76,213
261,196
14,262
42,145
96,150
166,266
163,270
113,104
173,119
107,197
38,123
242,233
270,137
105,34
209,217
231,267
55,15
119,298
60,279
289,178
66,265
54,22
287,127
138,113
104,73
210,33
51,261
272,270
237,5
290,67
14,266
285,143
109,73
252,205
221,248
51,234
31,222
204,207
244,96
215,76
55,150
155,273
132,24
20,72
102,57
140,285
26,71
261,132
30,5
43,33
36,256
224,189
128,240
68,111
51,209
299,279
102,229
111,42
17,159
55,118
31,221
85,192
135,2
255,267
173,71
177,85
163,259
254,64
152,266
120,294
93,17
52,12
228,48
5,21
90,163
272,299
138,81
255,286
20,150
173,54
41,127
122,252
121,275
287,41
7,47
240,212
41,235
299,98
146,1
135,142
22,236
50,180
242,47
51,55
260,240
268,114
61,92
14,57
78,41
246,285
159,40
57,173
176,250
186,45
78,21
115,40
133,273
101,143
47,84
53,255
142,127
28,197
24,152
300,173
187,103
268,218
68,131
204,209
22,80
234,222
282,43
280,168
297,117
220,217
100,60
95,268
170,205
213,21
12,154
260,126
197,270
68,227
234,165
283,46
203,156
97,280
19,284
205,51
196,278
34,143
70,291
66,79
148,122
116,147
124,168
246,272
264,202
256,298
204,123
265,151
98,121
245,168
271,238
70,26
161,42
90,62
12,183
294,237
187,288
178,30
200,1
17,277
268,209
87,264
224,191
42,23
260,265
189,8
131,92
262,97
119,243
98,269
128,295
194,102
291,290
157,193
45,88
64,6
131,97
197,10
259,24
54,106
208,298
83,8
186,148
192,100
297,146
271,118
187,74
67,263
83,160
50,61
185,299
74,59
266,52
142,164
233,62
113,130
271,34
294,70
203,29
273,71
201,5
43,184
117,250
148,281
23,46
36,227
198,200
23,147
285,256
246,43
239,42
163,53
68,125
102,2
60,17
212,236
7,68
159,216
214,179
100,118
140,139
133,28
243,291
152,34
40,238
168,288
108,77
35,76
171,126
91,154
270,2
19,137
46,203
238,153
125,81
40,232
231,223
38,210
3,237
156,208
77,131
193,240
269,68
192,35
62,231
100,188
282,260
133,12
267,199
28,236
241,113
243,37
241,17
26,189
253,173
44,181
268,264
230,204
2,182
299,295
37,181
74,18
297,8
48,143
103,115
284,244
184,109
225,253
250,32
91,54
35,3
53,237
153,90
107,168
165,227
194,74
266,109
203,94
79,219
146,76
268,174
298,188
264,181
79,42
276,231
129,54
168,7
141,71
158,194
178,271
141,13
157,162
115,254
202,193
131,208
235,243
263,131
116,157
222,109
3,49
110,62
103,156
83,4
289,202
104,117
46,48
148,231
64,83
108,60
89,248
215,55
190,85
199,299
173,259
116,145
123,217
111,127
222,74
227,150
231,253
268,271
235,170
286,281
201,143
158,265
272,22
59,52
191,265
269,216
63,70
73,129
289,91
139,276
48,96
296,269
233,65
91,218
88,286
4,277
180,174
268,124
71,241
274,116
86,94
205,268
164,299
44,134
252,224
137,18
183,156
87,262
226,202
292,80
91,69
234,125
26,11
214,171
245,188
94,128
293,225
98,18
72,83
167,225
165,271
158,85
281,194
210,37
123,262
281,251
88,211
97,43
88,252
181,79
5,166
163,283
157,230
283,251
251,279
64,284
93,94
188,235
247,274
264,299
269,280
179,123
115,261
254,183
184,160
3,22
228,284
116,108
16,63
216,197
177,147
299,164
217,136
79,145
217,111
259,57
77,206
88,155
96,277
26,298
120,300
111,180
23,168
195,275
269,40
68,27
30,10
297,180
45,98
230,128
251,123
100,287
16,274
46,184
1,286
240,130
297,211
44,175
283,61
235,144
221,10
49,35
153,127
124,296
98,31
181,293
176,21
57,271
85,94
203,287
155,208
188,62
202,286
241,162
188,141
80,181
18,112
78,161
121,50
273,226
277,199
97,168
15,198
153,257
11,32
174,83
241,77
297,212
160,1
216,254
274,85
161,11
155,207
39,296
300,214
223,63
65,81
225,233
140,266
177,259
277,108
129,25
76,54
107,157
72,276
168,28
247,250
5,258
88,145
238,201
118,138
204,173
253,166
9,44
41,291
65,128
132,234
154,85
149,263
194,157
56,32
207,273
18,211
53,155
34,28
280,113
298,199
157,176
230,85
32,208
242,183
126,79
165,116
122,162
215,211
98,216
57,213
51,188
292,164
263,96
172,126
222,93
89,214
268,67
224,102
47,217
215,131
228,110
41,28
16,49
22,245
246,223
6,12
73,158
173,274
40,137
136,194
287,92
89,269
264,230
211,162
21,156
220,269
37,116
243,6
134,9
48,234
2,14
246,141
175,44
8,55
27,257
60,56
159,180
300,268
9,15
74,216
91,271
25,11
279,102
4,93
48,6
217,292
98,92
62,225
104,119
115,165
10,40
97,68
56,11
5,188
234,144
189,31
84,114
27,215
229,76
153,59
180,263
105,193
166,140
193,229
115,45
286,189
221,115
173,133
252,269
58,151
30,171
15,71
144,157
195,143
182,279
157,140
99,131
164,274
84,141
33,141
63,174
40,148
143,271
257,204
219,2
15,288
246,245
232,153
168,120
272,264
262,232
145,100
81,204
68,286
35,174
197,239
101,215
130,256
280,180
291,161
190,263
29,36
28,55
144,227
129,258
270,218
48,191
292,107
159,223
179,270
144,72
15,266
261,240
5,274
22,232
140,149
178,181
129,124
179,206
85,17
72,287
182,44
6,101
133,26
96,149
58,71
100,237
77,141
6,82
146,64
29,50
25,232
106,230
136,294
8,75
162,288
9,36
11,52
169,291
106,94
274,227
288,233
193,212
128,264
283,140
113,78
157,174
39,49
6,192
227,93
23,8
242,223
102,50
33,294
111,163
202,141
180,23
296,175
290,49
236,126
241,1
60,11
130,11
293,23
228,198
53,168
300,135
84,147
23,75
223,210
183,213
187,86
228,83
68,22
227,278
185,14
243,130
266,220
220,198
21,43
228,264
195,168
130,158
125,161
66,256
284,200
274,269
197,45
48,121
114,33
105,186
153,76
266,48
44,160
148,288
41,176
176,54
73,94
23,9
31,93
285,26
292,256
199,211
64,233
107,235
194,31
166,17
241,164
54,179
300,109
11,33
229,125
192,33
236,283
279,223
296,174
272,106
254,284
282,103
296,101
2,272
75,295
101,26
77,88
99,25
125,241
158,91
145,273
238,99
127,184
280,117
165,51
147,209
163,241
231,245
147,157
111,251
7,19
259,102
59,97
177,179
65,231
186,49
230,198
285,162
70,116
192,286
46,133
12,223
36,163
125,279
280,28
38,150
279,99
129,247
91,213
250,127
35,209
200,108
19,25
131,79
262,29
144,88
134,77
226,272
119,31
173,1
218,40
66,71
48,216
249,9
109,9
242,277
32,46
77,267
151,270
69,43
53,67
214,16
196,285
163,264
90,258
284,207
89,256
246,88
125,72
52,222
127,246
292,235
109,210
243,193
49,2
60,28
243,173
166,108
43,182
144,140
120,194
202,281
132,244
23,219
212,23
27,186
137,264
111,154
64,205
117,125
126,59
121,110
76,83
140,221
83,284
81,202
271,107
91,277
139,185
151,221
82,6
296,103
146,14
300,285
232,170
217,174
103,112
191,256
98,111
2,18
29,281
292,40
225,39
7,18
197,13
171,141
111,170
243,9
252,66
112,284
238,262
71,192
79,248
195,218
106,215
279,147
96,163
27,25
123,45
76,63
206,264
66,155
267,37
230,43
192,77
23,41
10,44
40,138
148,274
11,278
213,143
218,211
176,122
54,248
32,55
248,192
262,5
9,98
288,230
19,245
287,297
21,119
268,135
218,198
155,275
105,100
287,123
76,218
71,7
188,242
2,208
83,72
200,107
239,238
241,203
50,264
196,109
282,250
279,155
48,145
213,205
247,174
35,145
233,117
103,8
221,206
261,190
52,102
217,75
55,115
69,106
155,169
34,209
231,94
129,94
292,289
159,115
37,113
292,290
25,214
93,296
261,117
238,261
135,85
267,96
96,194
102,82
59,64
100,83
10,295
101,212
117,189
181,130
87,77
151,128
166,66
42,276
250,213
221,62
158,195
275,79
109,2
261,83
60,51
12,67
13,234
139,92
300,248
70,227
182,153
26,129
150,269
285,176
93,258
138,238
63,280
14,33
139,199
281,84
290,9
82,122
114,58
158,136
171,221
235,42
122,189
250,228
200,57
296,116
144,267
247,127
70,233
213,263
49,21
269,106
249,44
55,93
8,189
72,176
215,73
208,106
262,177
15,253
58,212
240,57
175,231
153,7
162,300
195,164
77,73
36,298
101,78
165,82
27,167
239,36
54,218
221,241
230,120
237,90
124,76
137,273
105,44
123,272
221,232
67,99
35,194
218,57
75,17
42,117
80,180
277,212
114,137
159,152
18,256
65,134
148,247
86,50
193,12
104,114
165,66
72,300
215,238
194,4
193,259
275,145
131,20
11,227
272,10
228,31
235,59
62,211
125,32
219,144
82,263
148,172
196,160
78,79
92,64
254,67
131,178
185,271
106,75
95,300
69,290
126,251
46,215
177,138
128,166
99,23
205,162
6,132
148,95
178,104
17,266
199,85
13,246
106,180
52,228
154,216
101,277
91,242
177,109
207,187
10,243
299,54
276,282
170,45
113,265
182,199
32,295
85,215
201,115
193,206
251,4
6,125
255,215
93,5
27,287
164,215
204,134
194,216
2,283
113,6
255,72
253,280
149,144
82,30
254,188
152,300
264,32
191,204
124,110
124,295
86,128
1,18
229,174
34,85
66,51
16,47
43,273
46,60
94,203
284,18
88,291
7,53
204,223
259,122
229,146
225,298
222,10
85,275
120,218
243,186
271,282
290,224
259,251
81,108
89,150
8,236
63,252
88,131
138,122
207,11
188,164
55,258
274,82
225,9
190,174
211,241
139,157
285,130
7,59
32,101
264,201
250,130
104,1
185,120
99,55
192,24
223,25
265,299
111,245
35,28
101,91
226,155
290,41
142,283
292,233
158,277
172,193
20,209
143,1
207,180
273,73
271,280
121,260
296,298
240,157
134,220
34,49
83,95
168,135
95,250
34,111
256,149
279,165
293,117
283,197
99,2
174,64
139,10
219,29
281,89
24,75
235,221
185,219
23,34
249,230
240,43
99,3
253,16
130,64
231,52
83,84
281,226
89,199
206,58
267,85
105,24
78,233
38,105
37,150
213,121
188,38
255,82
215,119
59,131
61,176
253,269
13,284
79,103
259,267
183,246
253,181
286,79
117,112
289,141
174,190
34,118
47,183
167,215
37,38
5,100
146,221
40,233
296,146
142,244
292,148
87,178
100,231
12,243
15,33
156,129
145,242
248,251
229,61
269,166
56,60
22,58
249,11
76,93
185,35
138,165
153,107
59,272
250,134
132,216
133,56
32,188
30,226
225,18
32,270
70,257
255,280
122,198
8,275
131,60
11,144
25,91
266,61
261,282
34,252
11,75
22,19
286,296
186,292
207,269
109,130
261,127
104,50
297,85
254,82
120,278
131,171
263,79
234,180
286,36
121,191
264,8
151,2
62,10
189,181
252,156
230,259
299,263
166,73
68,229
213,154
89,243
51,132
229,224
111,267
164,177
255,153
41,124
30,107
178,66
138,127
213,98
85,127
218,169
150,124
86,51
67,267
181,6
278,119
230,18
285,160
147,13
281,258
45,101
231,128
68,141
54,60
264,20
240,53
148,279
215,158
43,187
241,290
264,22
191,135
300,178
140,145
238,6
15,47
150,252
6,297
166,268
209,81
232,10
261,151
58,67
91,142
90,219
207,222
275,20
121,179
93,14
113,236
176,241
211,50
271,9
54,279
183,168
50,205
218,41
164,25
215,290
44,104
205,89
178,229
181,194
58,159
36,233
27,124
264,91
153,158
217,153
181,14
234,78
288,256
225,177
26,281
105,4
23,247
67,196
187,41
76,2
234,141
297,186
203,295
182,255
36,138
228,242
2,83
251,34
188,96
238,189
162,269
14,25
229,283
137,107
273,82
149,45
281,7
173,292
199,49
92,106
216,126
271,83
117,217
19,40
152,75
109,39
46,275
22,23
242,152
100,130
210,110
124,133
38,212
163,263
88,140
262,209
285,172
44,156
219,147
13,1
120,287
139,59
30,121
227,121
63,90
72,92
228,25
33,108
176,300
171,170
207,158
93,38
90,293
107,124
183,118
62,24
261,120
194,239
48,115
291,52
2,113
67,161
34,138
219,143
182,291
249,160
279,33
200,217
164,44
154,32
81,209
21,217
300,201
22,92
159,126
4,76
277,137
278,77
148,131
13,25
131,291
62,173
249,236
136,184
255,173
41,231
202,129
161,102
167,117
80,183
169,192
213,41
248,259
101,223
65,119
229,118
127,37
53,217
43,17
238,135
94,238
101,38
137,113
176,293
124,126
133,240
224,106
94,82
119,218
62,11
103,83
268,23
170,24
90,295
262,126
83,300
131,197
8,166
53,279
85,96
222,170
279,42
119,214
211,42
159,42
30,29
129,226
184,116
145,134
238,204
176,207
238,285
130,229
40,5
121,138
164,80
79,78
69,156
227,153
269,214
199,183
108,131
33,194
252,157
122,38
42,242
131,73
103,129
11,48
97,105
152,249
197,33
255,183
136,49
15,205
42,119
261,230
208,152
33,120
274,257
263,48
197,20
40,220
178,105
64,243
222,247
54,220
56,263
237,113
161,1
210,179
181,26
47,238
202,269
285,131
102,281
253,36
134,175
295,110
175,188
256,189
181,218
99,103
262,93
169,74
124,137
29,121
122,158
247,199
293,192
299,195
1,138
63,41
201,209
87,185
34,290
155,94
46,15
169,66
78,53
87,160
2,173
64,231
221,5
53,11
70,139
83,102
61,20
6,25
174,290
276,272
110,59
247,125
78,81
81,59
235,201
1,281
276,79
54,33
30,136
129,198
146,147
126,19
75,32
179,143
208,136
69,82
182,116
24,8
6,263
4,255
99,19
221,171
237,241
4,139
188,225
175,262
253,245
56,137
299,203
209,87
79,270
198,63
74,143
263,136
140,84
274,42
190,80
267,245
113,175
81,196
263,243
10,262
137,1
31,249
243,145
265,197
51,274
222,238
210,294
173,45
236,118
287,256
135,41
40,167
277,70
19,70
258,182
260,189
194,255
22,99
260,148
279,120
172,1
210,214
37,231
204,221
197,108
138,124
22,218
78,252
232,227
189,290
55,74
273,250
257,193
239,35
229,144
97,269
209,226
182,17
216,267
185,191
45,184
184,19
98,262
276,263
180,32
57,102
246,123
140,284
93,282
221,254
162,85
208,61
65,241
233,205
267,173
229,28
249,189
140,162
92,23
179,134
278,192
229,142
53,8
215,65
171,217
262,116
293,190
67,273
60,156
193,243
51,138
76,221
298,192
7,276
182,206
47,85
74,20
165,244
152,289
35,289
277,233
95,297
147,117
95,183
246,262
273,84
13,36
290,168
204,30
222,135
147,47
85,125
33,279
255,49
24,67
134,79
80,146
232,229
186,87
9,245
13,221
85,265
174,50
277,100
288,252
260,242
226,73
251,147
67,132
33,157
237,100
225,281
11,14
268,213
278,17
72,163
277,207
131,158
216,148
233,281
253,87
219,41
47,177
217,45
174,5
143,144
119,93
131,234
152,74
130,287
229,223
209,213
182,58
207,70
225,46
184,183
226,110
77,229
125,206
268,151
102,171
92,292
45,265
20,145
153,47
72,3
110,49
44,42
277,186
269,84
264,168
240,271
179,283
189,61
293,222
257,185
119,238
106,123
259,21
114,10
9,263
183,3
224,162
122,70
23,205
270,170
99,270
39,73
161,61
124,256
217,254
79,23
179,292
70,42
290,107
167,236
196,115
192,17
215,204
217,285
110,58
126,186
99,189
46,145
184,272
79,58
126,168
31,32
62,58
252,46
146,279
156,247
108,158
278,93
187,104
40,134
113,114
147,283
299,294
252,113
27,28
158,300
299,22
176,189
268,228
182,130
169,184
111,225
79,142
261,257
107,207
292,60
255,149
286,206
72,75
120,151
128,191
300,23
218,259
210,149
242,69
14,203
279,114
137,7
21,188
241,155
111,146
89,24
252,297
5,281
166,25
80,87
180,202
118,98
241,260
130,160
227,58
132,267
176,94
113,281
30,22
18,193
136,27
240,84
89,10
276,123
213,13
241,242
273,297
180,295
173,13
196,179
285,87
260,71
225,285
76,174
83,260
41,12
46,148
180,129
224,142
101,192
107,230
6,2
125,74
75,39
267,35
78,1
85,112
277,10
131,193
13,29
123,195
254,160
102,65
40,26
24,129
270,277
182,158
184,171
36,16
226,122
258,163
247,124
277,86
3,121
83,35
113,176
101,80
132,81
209,15
72,150
283,181
141,139
182,155
4,269
10,247
135,147
163,226
169,271
13,38
247,146
97,207
87,29
170,156
300,205
66,75
139,6
169,88
10,169
60,119
220,154
43,167
89,47
188,99
266,13
99,204
103,56
232,290
4,101
162,137
220,109
160,277
12,206
218,66
266,69
138,257
201,282
260,67
199,157
144,261
263,252
117,116
34,264
250,289
127,233
37,49
20,245
266,97
274,48
14,169
194,289
265,159
175,260
85,203
76,195
72,41
297,278
142,50
17,238
2,52
270,30
246,61
189,197
289,69
238,94
36,94
163,141
141,96
101,239
74,249
237,247
129,13
264,199
236,194
2,29
82,251
244,227
31,233
148,121
112,138
120,190
289,146
44,125
20,178
279,88
15,79
245,12
277,91
253,239
43,52
283,73
261,33
140,23
43,204
43,221
243,161
195,43
154,162
20,252
291,184
194,123
211,176
21,263
42,172
184,244
66,41
212,101
256,66
56,241
222,185
186,120
21,53
260,146
75,239
69,182
251,121
188,172
276,53
147,168
222,150
95,114
7,95
143,54
300,261
2,156
201,146
285,264
36,186
34,293
137,117
230,52
5,248
235,23
30,162
144,56
175,96
199,202
286,124
264,184
242,60
192,85
35,284
147,296
296,6
19,51
254,180
212,299
119,246
106,181
172,192
71,205
188,163
243,257
248,134
169,40
22,114
267,79
213,28
13,172
118,32
253,125
21,231
80,44
175,101
85,132
12,160
251,129
1,44
17,246
267,205
120,24
237,8
232,29
52,258
15,247
233,82
285,140
249,265
267,64
272,277
137,144
154,65
42,167
116,75
183,283
194,202
137,61
239,136
167,124
224,197
296,202
78,210
229,123
118,290
281,32
69,19
218,283
296,265
270,120
183,14
187,116
264,138
20,10
61,10
227,117
154,87
11,34
208,122
42,106
222,227
32,283
66,260
208,127
35,248
222,156
223,116
19,238
27,89
177,71
287,47
73,172
65,267
213,252
270,160
15,6
164,156
211,48
36,23
19,154
255,99
300,203
225,267
250,200
39,30
42,271
244,228
217,279
122,226
99,245
220,65
103,106
264,133
58,111
246,86
17,212
256,56
266,161
137,132
118,62
208,194
256,34
294,200
196,11
115,128
22,223
184,275
65,36
9,260
138,268
192,211
80,105
238,5
165,254
238,147
75,267
31,230
254,263
190,191
35,300
52,272
275,225
296,226
287,21
261,79
177,184
122,104
21,29
31,281
272,88
273,290
291,241
131,185
61,243
84,227
119,47
153,157
213,71
137,139
82,23
79,260
157,121
73,223
238,206
181,145
60,172
196,57
287,208
206,297
88,45
117,213
104,184
207,294
146,198
245,16
113,233
254,104
213,224
171,203
270,96
243,202
47,211
66,163
84,60
300,24
114,44
75,248
157,283
30,92
22,298
234,35
162,52
216,215
77,79
13,290
271,196
295,15
219,50
76,38
259,266
219,31
268,233
238,179
272,50
94,194
66,279
37,146
283,86
226,189
253,8
192,213
102,179
293,161
100,113
267,69
166,40
112,221
257,104
48,3
278,193
60,257
124,23
228,173
13,151
296,105
68,2
242,211
255,94
127,199
191,1
31,92
221,164
127,186
70,62
187,192
57,240
16,99
253,7
237,225
225,171
17,268
51,22
228,212
75,161
78,279
147,255
85,255
80,209
2,118
115,149
210,247
106,211
208,48
201,121
152,21
169,4
20,3
245,43
254,238
39,224
160,38
265,169
72,47
232,73
207,300
213,283
288,167
153,79
260,170
170,278
67,210
210,167
47,199
196,208
241,11
127,218
76,114
198,77
159,123
144,38
131,62
41,38
85,276
178,286
206,3
153,31
153,104
248,17
69,45
286,130
46,208
4,243
49,70
240,12
289,116
3,117
193,209
33,21
226,2
142,22
284,77
89,45
191,212
261,252
46,52
208,135
82,234
7,3
8,102
170,139
191,94
269,21
161,193
298,196
18,245
143,47
293,97
7,10
43,1
34,16
21,255
2,152
137,35
225,24
246,5
174,161
238,67
249,34
22,96
112,54
265,279
123,71
32,293
250,245
214,205
127,156
18,257
279,170
107,31
200,51
280,277
133,170
160,111
179,14
77,129
38,285
294,229
77,50
104,142
281,164
199,164
206,200
275,206
148,155
136,26
134,40
221,250
73,80
6,191
220,113
79,153
74,251
277,249
3,98
297,223
236,106
161,198
12,125
249,54
48,136
119,5
50,278
252,13
11,246
74,96
290,66
27,123
10,46
122,212
211,220
208,233
285,288
182,211
262,150
56,99
3,74
190,141
10,161
225,105
1,162
123,55
67,69
6,196
144,216
40,158
9,118
239,12
216,169
122,87
31,269
126,252
81,249
120,84
249,195
116,48
147,27
124,226
140,69
207,276
268,99
151,53
164,300
280,176
300,281
53,249
177,172
248,288
179,200
27,217
78,75
79,13
63,81
146,236
113,298
47,9
227,5
48,189
202,97
260,28
80,167
159,168
291,151
17,15
248,151
165,96
93,44
12,24
44,46
206,118
33,69
112,146
197,212
88,39
187,111
221,191
76,23
215,41
67,49
189,240
38,53
173,142
61,159
269,183
219,15
162,127
208,119
56,283
146,195
44,1
284,127
195,287
7,57
216,40
267,88
192,112
166,234
254,289
62,143
200,23
1,233
60,288
157,60
244,99
52,202
48,209
126,198
297,22
101,254
53,128
277,144
264,252
23,194
213,219
125,14
117,86
5,143
160,249
46,72
295,281
6,164
277,80
182,256
276,194
41,2
5,27
10,195
291,240
111,150
220,125
86,107
17,222
201,164
63,187
131,33
16,164
244,56
230,40
59,231
76,77
188,260
54,90
275,254
147,227
225,119
280,64
122,290
48,128
8,160
15,276
95,209
215,248
141,95
277,149
69,193
202,194
282,256
72,85
93,57
10,26
182,181
72,81
149,185
79,196
32,102
255,14
180,150
257,213
96,252
269,57
207,27
34,113
197,129
100,43
169,168
296,74
276,257
57,78
24,280
59,249
300,126
107,189
99,264
12,204
81,54
143,149
55,70
292,45
151,295
272,68
115,56
141,62
82,91
17,185
42,227
107,176
284,181
23,40
61,225
83,259
188,105
104,84
59,61
60,111
170,265
78,160
32,213
297,206
82,255
257,192
14,40
252,196
249,271
289,89
272,155
120,176
176,136
203,71
168,287
182,101
60,157
128,82
173,284
191,279
85,76
132,243
292,131
18,295
50,103
63,92
144,11
67,237
40,164
252,103
144,61
178,14
26,120
200,153
237,140
285,214
104,44
84,29
202,62
235,246
207,83
31,299
84,17
227,3
57,73
46,121
157,82
149,103
131,164
110,136
14,258
258,179
63,72
50,133
293,120
157,271
171,105
229,279
201,185
127,256
120,133
261,243
92,39
104,35
220,171
85,247
222,251
89,119
61,212
120,104
105,21
39,179
141,270
79,33
21,74
277,33
141,60
96,268
265,28
161,151
73,14
82,176
37,2
185,20
233,246
55,185
91,282
177,291
36,270
55,7
2,239
230,57
285,25
93,82
94,156
208,147
83,215
59,261
23,295
105,202
103,214
157,240
274,141
206,221
177,174
284,212
111,294
139,51
300,279
6,134
279,144
167,41
233,270
213,53
251,8
138,274
227,241
231,65
134,197
184,187
218,89
129,204
77,87
77,211
140,260
203,186
206,242
253,292
191,180
98,277
272,172
263,28
111,76
265,201
108,28
19,164
207,92
153,269
151,216
237,135
30,27
180,122
243,8
233,72
69,37
272,248
70,283
178,148
167,214
228,77
48,132
80,270
51,68
44,274
276,190
53,79
12,85
4,130
245,191
87,186
263,241
224,270
226,127
160,71
94,155
67,198
103,58
196,258
232,256
196,172
139,88
125,182
113,263
291,209
232,5
171,188
272,20
269,94
100,103
254,255
228,99
219,84
176,141
293,18
45,196
6,167
1,231
212,178
113,101
262,261
268,119
62,241
200,257
205,211
233,300
101,25
109,295
190,89
296,282
270,4
107,20
293,34
134,233
39,178
66,259
11,119
116,12
199,143
99,31
147,208
117,115
189,162
162,231
31,9
185,85
119,222
198,14
294,184
155,163
256,213
264,33
207,36
100,241
237,217
290,29
88,58
282,124
294,159
74,6
215,265
297,284
68,240
12,270
270,155
55,227
261,263
279,211
18,154
93,79
269,67
100,119
180,240
200,174
98,147
150,207
199,227
209,150
40,170
233,206
113,240
97,70
223,255
214,244
243,285
226,253
234,227
152,18
296,60
100,135
176,198
79,128
184,54
102,216
67,25
266,280
262,41
287,227
85,39
156,64
53,112
140,299
253,279
294,236
65,230
172,97
84,139
203,215
112,187
26,278
180,121
255,289
34,149
289,223
64,33
143,23
263,128
184,246
215,234
106,33
294,252
17,28
145,241
263,47
202,200
159,92
109,292
137,110
1,236
169,215
283,242
286,83
161,288
83,222
44,209
69,56
167,257
252,14
176,270
67,236
197,18
282,267
121,250
65,96
199,132
28,172
136,140
58,39
55,257
287,33
185,267
32,84
261,280
9,35
276,180
159,140
46,81
104,162
290,115
47,5
228,45
123,113
1,254
112,81
89,115
103,149
125,114
245,176
235,37
297,184
141,253
167,108
278,201
113,40
126,182
218,25
80,126
171,213
275,30
239,32
46,214
271,47
253,250
115,191
1,277
64,268
293,150
228,299
145,255
42,237
38,159
107,85
128,204
196,45
92,101
76,44
295,152
293,145
128,24
265,127
9,186
87,59
280,146
130,253
210,245
283,213
112,3
240,95
129,119
202,173
52,169
110,22
239,38
175,207
12,51
62,116
115,116
234,297
224,230
84,49
93,15
61,117
101,60
231,151
224,115
137,258
191,168
35,285
198,289
256,297
253,19
211,230
289,130
135,290
205,73
209,157
59,281
299,224
233,220
237,110
105,89
167,100
281,259
202,293
27,60
155,134
20,51
197,130
89,33
62,251
25,126
1,89
52,298
50,250
285,212
21,196
35,44
211,68
286,181
294,171
57,138
47,259
18,224
56,252
161,296
106,68
198,75
225,114
66,202
273,193
74,296
273,217
125,144
107,270
248,82
239,288
238,38
127,20
231,119
188,6
266,246
42,31
80,64
16,141
107,271
20,199
197,55
63,155
226,263
248,111
21,108
93,29
35,17
61,128
161,216
128,131
205,155
75,175
227,122
62,76
55,114
218,205
207,224
169,22
103,234
21,76
8,59
261,161
143,161
42,285
104,116
8,25
43,90
180,119
132,123
206,281
56,177
99,115
118,278
79,187
5,171
189,78
78,288
84,111
23,261
11,112
39,287
78,71
51,1
65,152
233,265
61,63
28,257
165,144
288,14
104,42
125,179
118,224
229,266
229,232
27,108
258,112
182,1
284,184
195,2
14,210
209,206
78,269
186,37
241,44
61,224
227,75
165,43
171,16
227,182
120,9
15,190
69,146
174,112
226,38
56,12
5,236
195,297
83,96
138,35
150,242
213,199
145,166
272,18
156,252
66,289
179,8
102,235
208,18
2,35
75,173
33,14
106,89
69,160
91,162
172,34
155,106
244,260
277,98
124,248
2,60
79,241
153,254
263,75
268,8
289,15
193,18
78,156
267,40
32,125
229,149
143,226
207,216
162,226
169,67
6,210
35,20
267,228
192,261
80,31
157,286
204,205
89,135
14,272
141,115
284,1
135,233
166,62
56,22
68,265
209,41
71,124
164,225
245,59
24,238
55,58
184,53
264,41
106,252
66,240
227,87
281,107
106,175
96,44
87,35
179,298
1,292
148,152
9,208
232,182
77,238
257,252
167,232
249,294
218,245
33,132
260,90
77,136
44,47
251,93
104,218
257,205
95,152
257,236
203,96
256,288
298,131
56,124
252,69
218,223
188,171
60,274
155,244
58,230
267,292
265,132
262,11
65,270
223,239
263,272
273,285
50,127
48,179
86,264
55,12
219,11
245,255
48,151
94,88
20,244
35,281
134,190
33,144
81,84
2,264
230,79
155,225
30,112
191,285
238,51
207,245
294,131
247,144
149,127
66,146
279,189
82,65
223,254
31,107
75,152
300,299
4,189
294,114
289,137
110,255
123,221
258,127
152,173
106,110
49,38
70,277
64,69
223,54
48,256
57,289
228,164
287,206
34,136
139,67
294,230
51,255
286,6
38,195
242,253
121,22
105,22
80,179
58,175
144,27
276,58
211,108
287,238
108,81
97,30
265,292
257,125
300,112
71,147
28,265
139,24
170,65
118,252
135,42
83,236
1,193
24,293
221,43
267,195
237,67
72,80
37,233
73,188
277,220
186,182
14,294
278,22
185,3
300,85
151,38
100,207
133,208
81,263
182,157
149,281
84,209
242,234
262,139
77,185
19,105
39,196
123,53
2,205
99,18
80,271
201,258
79,16
178,211
255,100
125,129
266,257
